,Name,Medals
0,Jos Manuel Abascal Gmez,1
1,Kriss Kezie Uche Chukwu Duru Akabusi,1
2,John Akii-Bua,1
3,Liudmyla Vasylivna Aksenova (Shapovalova-),1
4,Aleksandr Timofeyevich Aksinin,2
5,Lidiya Nikolayevna Alfeyeva,1
6,"Judith Florence ""Judy"" Amoore-Pollock",1
7,Grete Andersen-Waitz,1
8,Alessandro Andrei,1
9,Tatyana Mikhaylovna Anisimova (Poluboyarova-),1
10,Vera Vasilyevna Anisimova (Mikheyeva-),2
11,Mrta Antal-Rudas,1
12,Salvatore Antibo,1
13,Sad Aouita,2
14,Daphne Arden (-Slater),1
15,Vasyl Albertovych Arkhypenko,1
16,"Raymond Richard ""Ray"" Armstead",1
17,Yevhen Oleksandrovych Arzhanov,1
18,Charles Asati,2
19,Evelyn Ashford (-Washington),4
20,"Gerald Howard ""Gerry"" Ashworth",1
21,Ingrid Auerswald-Lange (Brestrich-),3
22,Rein Aun,1
23,Hennadiy Valentynovych Avdieienko,1
24,Mykola Viktorovych Avilov,2
25,Alonzo Carl Babers,2
26,Andrzej Stanisaw Badeski,1
27,Laimut Baikauskait,1
28,Margaret Ann Bailes (Johnson-),1
29,Angela Bailey,1
30,Iolanda Bala (-Ster),1
31,Clicien Alexandre Roger Bambuck,1
32,Kirk Renaud Baptiste,1
33,"Eric Randolph ""Randy"" Barnes",1
34,Pascal Barr,1
35,Patrick Barr,1
36,Aleksandr Georgiyevich Baryshnikov,2
37,Dieter Baumann,1
38,Frank Baumgartl,1
39,Hans-Peter Baumgartner,1
40,Daniel Bautista Rocha,1
41,Filbert Bayi Sanka,1
42,"Robert ""Bob"" Beamon",1
43,Volker Beck,2
44,Marion Becker (Steiner-),1
45,Klaus Beer,1
46,Anke Behmer (Vater-),1
47,Kerstin Behrendt,1
48,Earl Holmes Bell,1
49,"Alessandro ""Sandro"" Bellucci",1
50,Kurt Bendlin,1
51,Todd Anthony Bennett,1
52,Joan Benoit (-Samuelson),1
53,Kent Bede Bernard,1
54,Gilles Bertould,1
55,Nadezhda Viktorovna Besfamilnaya,1
56,Doina Ofelia Beliu-Melinte,2
57,Colette Besson (-Nogus),1
58,Udo Beyer,2
59,Uwe Beyer,1
60,Ivan Pavlovych Bieliaiev,1
61,"Mary Denise Bignal-Rand (-Toomey, -Reese)",3
62,Abebe Bikila,1
63,Amos Kipwabok Biwott,1
64,"Lawrence Jeffery ""Larry"" Black",2
65,Marilyn Mary Black (-Vassella),1
66,Yordanka Blagoeva Ivanova,2
67,Lillian Barbara Board,1
68,Nataliya Valeryevna Bochina,2
69,Inge Bdding (Eckhoff-),1
70,Carla Bodendorf (Rietig-),1
71,Christine Bodner-Laser,1
72,"Michael Kipsubut ""Mike"" Boit",1
73,Jeanette Bolden,1
74,Naftali Bon,1
75,Anatoliy Pavlovych Bondarchuk,2
76,Olga Petrovna Bondarenko (Krentser-),1
77,Gelindo Bordin,1
78,Valeriy Pylypovych Borzov,5
79,Ralph Harold Boston,2
80,Moulay Brahim Boutayeb,1
81,Renate Boy-Garisch-Culmberger,1
82,Raelene Ann Boyle,3
83,Lyudmila Ivanovna Bragina,1
84,Christina Brehmer-Lathan,4
85,Grit Breuer (-Springstein),1
86,Hartmut Briesenick,1
87,Robbie Ian Brightwell,1
88,Valerie Ann Brisco-Hooks,4
89,Alice Regina Brown (-Harris),3
90,"Benjamin Gene ""Benny"" Brown",1
91,"Judith Lynne ""Judi"" Brown (-King, -Clarke)",1
92,"Philip Andrew ""Phil"" Brown",1
93,"Ronald James ""Ron"" Brown",1
94,"Bjrn Richard ""Ricky"" Bruch",1
95,Valery Nikolayevich Brumel,1
96,Rosalyn Evette Bryant (-Clark),1
97,Arto Kalervo Bryggare,1
98,Viktor Arkadiyovych Bryzhin,1
99,Olha Arkadivna Bryzhina (Vladykina-),2
100,"Serhiy Nazarovych ""Sergey"" Bubka",1
101,Valeria Bufanu-tefnescu,1
102,Imrich Bugr,1
103,Galina Petrovna Bukharina,1
104,Elliot John Bunney,1
105,Viktor Volodymyrovych Burakov,1
106,Howard McNeal Burnett,1
107,Sabine Busch (-Ascui),1
108,"Gabriele ""Gaby"" Bumann",1
109,James Aaron Butts,1
110,Tamara Vladimirovna Bykova,1
111,Galina Petrovna Bystrova (Dolzhenkova-),1
112,Maureen Caird (-Jones),1
113,Clarence H. Callender,1
114,"Bertland ""Bert"" Cameron",1
115,"Anthony Eugene ""Tonie"" Campbell",1
116,Ernesto Canto Gudio,1
117,Jacques Carette,1
118,John Wesley Carlos,1
119,Henry William Carr,2
120,"Michael D'Andrea ""Mike"" Carter",1
121,"Edward Julius ""Ed"" Caruthers, Jr.",1
122,Alejandro Francisco Casaas Ramrez,2
123,Ollan Conley Cassell,1
124,"Warren Jay ""Rex"" Cawley",1
125,"Marise Ann Millicent Chamberlain (-Stephen, -Schou)",1
126,Michle Marie George Chardonnet (-Piasenta),1
127,"Chandra Danette Cheeseborough (-Shellman, -Guice)",3
128,Taisiya Filippovna Chenchik,1
129,Nikolay Nikolayevich Chernetsky,1
130,Lyudmila Alekseyevna Chernova (-Zenina),1
131,Chi (-Reel) Cheng,1
132,Silvia Chivs Bar,2
133,Nadezhda Vladimirovna Chizhova,3
134,Linford Ecerio Christie,2
135,Teresa Barbara Ciepy-Wieczorek,2
136,Hannes Waldemar Cierpinski,2
137,Galina isakovov (-Beskrovnaj),1
138,"Ronald William ""Ron"" Clarke",1
139,Miguelina Cobin Hechavarra,1
140,"Sebastian Newbold ""Seb"" Coe",4
141,Christeana Cojocaru (-Matei),1
142,Wayne Curtis Collett,1
143,Mara Caridad Coln Ruees-Salazar,1
144,"Michael Alexander ""Mike"" Conley",1
145,Keith Leroy Connor,1
146,Hollis Conway,1
147,Garry Peter Cook,1
148,John Hugh Cooper,2
149,Alberto Cova,1
150,"Stephen ""Steve"" Cram",1
151,Hasely Joachim Crawford,1
152,Charmaine A. Crooks (-Thorsen),1
153,"William Frederick ""Bill"" Crothers",1
154,Joaquim Carvalho Cruz,2
155,"Elizabeth Alyse ""Betty"" Cuthbert",1
156,Rbson Caetano da Silva,1
157,Maurizio Damilano,3
158,Ludvk Dank,3
159,Rolf Danneberg,2
160,"Wilbur D. ""Willie"" Davenport",2
161,John Llewellyn Davies,1
162,Lynn Davies,1
163,Howard Davis,1
164,Joo Carlos de Oliveira,2
165,Jocelyn Delecour,2
166,Luis Marano Dels Fournier,1
167,"William Solon ""Bill"" Dellinger",1
168,"Joseph Nathaniel ""Joe"" DeLoach, Jr.",1
169,Leslie Jean Deniz,1
170,El Hadji Amadou Dia B,1
171,Brian Lee Diemer,1
172,Diane Lynn Dixon (-Trouse),2
173,"Rodney Phillip ""Rod"" Dixon",1
174,Norbert Dobeleit,1
175,"Svetlana Ivanovna ""Esfir"" Dolzhenko-Krachevskaya",1
176,Lutz Dombrowski,1
177,Yordanka Lyubchova Donkova,1
178,Gabriella Dorio (-Spigarolo),1
179,Juana Katrin Drre-Heinig,1
180,Ralph Douglas Doubell,1
181,Otis Paul Drayton,2
182,Heike Gabriela Drechsler (Daute-),3
183,Jrg Drehmel,1
184,Margitta Droese-Pufe (Ludewig-),1
185,Guy Drut,2
186,Marian Andrzej Dudziak,1
187,"Leszek Ryszard ""Lech"" Dunecki",1
188,Maryvonne Dupureur (Samson-),1
189,Satymkul Dzhumanazarov,1
190,Liudmyla Stanislavivna Dzhyhalova,1
191,"Sheila Ann Echols (-Williams, -Gross)",1
192,Brbel Eckert-Wckel,4
193,Norman Edwards,1
194,Innocent Ejima Egbunike,1
195,Klaus Johannes Ehl,1
196,Anneliese Ehrhardt (Jahns-),1
197,Nawal El-Moutawakel (-Bennis),1
198,Kenth Enar Eldebrink,1
199,Marlene Elejarde Daz,2
200,Peter Elliott,1
201,Kirsten Emmelmann (Siemon-),1
202,Paul Ereng,1
203,Giovanni Evangelisti,1
204,Dwayne Eugene Evans,1
205,Lee Edward Evans,2
206,"Daniel Joseph ""Danny Joe"" Everett",2
207,Sabine Christine Everts (-Thomaskamp),1
208,"Hildegard Falck (Janze-, -Kimmich)",2
209,"Thomas Francis ""Tom"" Farrell",1
210,Oleg Georgiyevich Fedoseyev,1
211,Grard Fenouil,1
212,Mable Fergerson (-Winn),1
213,Barbara Ann Ferrell (-Edmonson),2
214,Helena Fibingerov (-mdov),1
215,Ellen Fiedler (Neumann-),1
216,Enrique Figuerola Camu,2
217,Benita P. Fitzgerald-Brown (-Mosley),1
218,"Debra Lee ""Debbie"" Flintoff-King",1
219,Marian Foik,1
220,"Richard Douglas ""Dick"" Fosbury",1
221,Brendan Foster,1
222,"Gregory ""Greg"" Foster",1
223,Herman Ronald Frazier,2
224,"Ronald John ""Ron"" Freeman, III",2
225,Jrg Freimuth,1
226,Peter Frenkel,2
227,"Ruth Fuchs (Gamm-, -Hellmann)",2
228,"Kimberly Ann ""Kim"" Gallagher",2
229,Mohamad Tlili ben Abdallah Gammoudi,4
230,Diana Gansky (Sachse-),1
231,Sven Anders Grderud,1
232,France Gareau (-Foudy),1
233,Rodion Aksanovich Gataullin,1
234,Hartwig Gauder,2
235,Heide-Elke Gaugel (-Hudak),1
236,Yevgeny Mikhaylovich Gavrilenko,1
237,Valentin Aleksandrovich Gavrilov,1
238,Paul Louis Marcel Genevay,1
239,Giuseppe Gentile,1
240,Harvey Edward Glance,1
241,"Beverley Lanita ""Bev"" Goddard-Callender",2
242,"Maria Francisca Philomena ""Mia"" Gommers (-Hoogakkers)",1
243,Ral Gonzlez Rodrguez,2
244,Yelena Yegorovna Gorchakova,1
245,Tatyana Gennadyevna Goyshchik (-Nasonova),1
246,"Samuel Louis ""Sam"" Graddy, III",2
247,"Timothy Joseph Michael ""Tim"" Graham",1
248,Trevor Graham,1
249,Winthrop Graham,1
250,"Charles Edward ""Charlie"" Greene",2
251,Delorez Florence Griffith Joyner,5
252,Saida Gunba (-Kikidze),1
253,Werner Gnthr,1
254,Ilona Maria Gusenbauer (Majdan-),1
255,Eduard Viktorovich Gushchin,1
256,Bo Henning Gustafsson,1
257,"Ervin Henry ""Erv"" Hall",1
258,"Kathleen ""Kathy"" Hammond (-Tyson)",2
259,"Millard Frank Hampton, Jr.",2
260,Wolfgang Hanisch,1
261,"Frederick Morgan ""Fred"" Hansen",1
262,Arto Kalevi Hrknen,1
263,"Daniel Lee ""Danny"" Harris",1
264,"Edward James ""Eddie"" Hart",1
265,"Robert Lee ""Bob"" Hayes",2
266,"Susan Christina ""Sue"" Hearnshaw (-Telfer)",1
267,Benjamin Basil Heatley,1
268,Christina Heinich (-Schiffner),1
269,Martina Helga Hellmann (Opitz-),1
270,Margitta Helmbold-Gummel,2
271,"Ingeborg ""Inge"" Helten",2
272,"David Peter ""Dave"" Hemery",3
273,Gerhard Hennige,2
274,"Markus Antonius ""Mark"" Henrich",1
275,Jens-Peter Herold,1
276,Maurice Herriott,1
277,"Bernhard Erich ""Bernd"" Herrmann",1
278,Klaus-Peter Hildenbrand,1
279,"Thomas Lionel ""Tom"" Hill",1
280,Sterling Dale Hinds,1
281,"James Ray ""Jim"" Hines",2
282,Jrgen Hingsen,1
283,Gabriele Hinzmann (Trepscheck-),1
284,Jobst Hirscht,1
285,Gunhild Hoffmeister,3
286,Franz-Peter Hofmeister,1
287,Christoph Hhne,1
288,Willi Holdorf,1
289,Volodymyr Stepanovych Holubnychiy,3
290,Ute Hommola,1
291,Gary Ronald Honey,1
292,Sherri Frances Howard,2
293,Denean Elizabeth Howard-Hill,2
294,Joslyn Yvonne Hoyte-Smith,1
295,Miloslava Hbnerov-Rezkov,1
296,Heather Regina Hunte-Oakes,2
297,"Johanna Luann ""Joni"" Huntley (-Rueter)",1
298,Dorothy Hyman,1
299,Lyudmila Ivanovna Ignatyeva-Samotyosova,1
300,Sheila Rena Ingram,1
301,"Valeria ""Valy"" Ionescu (-Constantin)",1
302,Edgar Itt,1
303,Paula Ivan (-Ilie),2
304,Vyacheslav Ivanovich Ivanenko,1
305,Yevgeny Mikhaylovich Ivchenko,1
306,Colin Ray Jackson,1
307,Grace Jackson-Small,1
308,Kim Simone Geraldine Jacobs,1
309,Rita Jahn-Wilden,2
310,"George Lawrence ""Larry"" James",2
311,Eva Janko (Egger-),1
312,Zbigniew Jaremski,1
313,Thomas Theodore Jefferson,1
314,Martin Jellinghaus,1
315,David Andrew Jenkins,1
316,William Bruce (-Caitlyn Marie) Jenner,1
317,"Henry Winston ""Harry"" Jerome",1
318,"Pamela Theresa ""Pam"" Jiles",1
319,"Benjamin Wabura ""Ben"" Jipcho",1
320,"Sabine John (Mbius-, -Paetz)",1
321,"Benjamin Sinclair ""Ben"" Johnson, Jr.",2
322,Jan Eric Johnson,1
323,Earl M. Jones,1
324,Hayes Wendell Jones,1
325,"John Wesley ""Johnny"" Jones",1
326,"Gregory Andrew ""Greg"" Joy",1
327,"Alfredrick Alphonzo ""Al"" Joyner",1
328,"Jacqueline ""Jackie"" Joyner-Kersee",3
329,Alberto Juantorena Danger,2
330,Stefan Junge,1
331,Antti Tapani Kalliomki,1
332,Bernd Gerhard Kannenberg,1
333,Paavo Tapio Kantanen,1
334,Julius Kariuki,1
335,Dagmar Ksling (-Lhnenschlo),1
336,Ryszard Katus,1
337,Evelin Kaufer (-Schmuck),1
338,Tatyana Vasilyevna Kazankina (-Kovalenko),3
339,Mohamed Kedir,1
340,"Kipchoge Hezekieh ""Kip"" Keino",4
341,Francis Kerbiriou,1
342,Vasily Vladimirovich Khmelevsky,1
343,Ivanka Marinova Khristova (Todorova-),2
344,Tsvetanka Mincheva Khristova,1
345,Urszula Kielan (-Lipiec),1
346,"Pamela ""Pam"" Kilborn-Ryan (-Nelson)",2
347,"Mary Elizabeth ""Molly"" Killingbeck",1
348,Kipkemboi Kimeli,1
349,Kenji Kimihara,1
350,Manfred Kinder,1
351,Roger Nona Kingdom,2
352,Jorma Vilho Paavali Kinnunen,1
353,Nikolay Ivanovich Kirov,1
354,Jutta Kirst (Krautwurst-),1
355,Antal Kiss,1
356,Ulrike Klapezynski-Bruns,1
357,Joln Kleiber-Kontsek,1
358,Romuald Iosifovich Klim,2
359,Inta Kimovia (-Drvia),1
360,Karlheinz Klotz,1
361,Ewa Kobukowska,2
362,Andreas Knebel,1
363,Beate Koch,1
364,Marita Koch (-Meier),2
365,Peter Koech,1
366,Manfred Kokot,1
367,Nikolay Vasilyevich Kolesnikov,1
368,Nadezhda Leonidovna Kolesnikova-Ilyina,1
369,Tatyana Alekseyevna Kolpakova (-Abbyasova),1
370,Wadysaw Komar,1
371,Vera Yakovlevna Komisova (Nikitina-),2
372,Lyudmila Andreyevna Kondratyeva (-Sedykh),2
373,Julius Korir,1
374,Seppo Tapio Aleksanteri Korjus,1
375,Aleksandr Olegovich Kornelyuk,1
376,"Stefka Georgieva Kostadinova (-Petrova, -Popovasileva)",1
377,Annamria Kovcs-Tth,1
378,Aleksandr Yuryevich Kovalenko,1
379,Wadysaw Kozakiewicz,1
380,Valentyna Vasylivna Kozyr (-Avilova),1
381,Jarmila Kratochvlov,1
382,Guido Kratschmer,1
383,"Christiane Krause (-Stallasch, -Todd)",1
384,Viktor Petrovich Kravchenko,1
385,Lothar Michael Krieg,1
386,"Annegret ""Anne"" Kroniger (-Boller-, -Wolf)",1
387,Barbara Krug,1
388,Vladimir Valentinovich Krylov,1
389,Bodo Johannes Kuhn,1
390,"Rita Khne (-Andrich, -Schiemann)",1
391,Dainis Kla,1
392,Gergely Kulcsr,2
393,Hansjrg Kunze,1
394,Olga Vitalyevna Kuragina (Nemogayeva-),1
395,Klaus-Dieter Kurrat,1
396,Yury Mikhaylovich Kutsenko,1
397,Volodymyr Viktorovych Kyselov,1
398,Bernard Laidebeur,1
399,Jennifer Frances Lamy (-Frank),1
400,Marita Lange,1
401,Lucyna Langer (-Kaek),1
402,Sonia May Lannaman (-Garmston),1
403,Igor Olegovich Lapshin,1
404,"Michael Denny ""Mike"" Larrabee",2
405,"David Lester ""Dave"" Laut",1
406,Albert Lawrence,1
407,Lillie Mae Leatherwood (-King),2
408,"Nataliya Vasilyevna Lebedeva (-Suprun, -Monastyrskaya)",1
409,Tatyana Mikhaylovna Ledovskaya,2
410,Klaus Lehnertz,1
411,Nicole Leistenschneider (-Mikisch),1
412,Antnio Carlos Carvalho Nogueira Leito,1
413,Silvio Leonard Sarra,1
414,Tatyana Dmitriyevna Lesovaya (Starodubtseva-),1
415,"Frederick Carlton ""Carl"" Lewis",7
416,"Steven Earl ""Steve"" Lewis",2
417,Li Meisu,1
418,Zenon Licznerski,1
419,"Ilse Kristiina ""Tiina"" Lillak",1
420,Harold Blaine Lindgren,1
421,Dieter Lindner,1
422,Mikhail Innokentyevich Linge,1
423,Karel Lismont,2
424,Nataliya Venediktovna Lisovskaya (-Sedykh),1
425,Sergey Nikolayevich Litvinov,2
426,Jorge Llopart Ribas,1
427,Mihaela Loghin,1
428,"Dallas Crutcher Long, III",1
429,Carlos Alberto de Sousa Lopes,2
430,Claudia Losch,1
431,Ingrid Lotz (Eichmann-),1
432,Lzr Lovsz,1
433,Vladimir Nikolayevich Lovetsky,1
434,Fia Lovin (Rafira-),1
435,Gabriele Lwe (Kotte-),1
436,Ralf Lbke,1
437,Jnis Lsis,3
438,Leonid Dmytrovych Lytvynenko,1
439,Kaarlo Hannes Maaninka,2
440,Linsey Tarrel MacDonald,1
441,Joseph Mahmoud,1
442,Aleksandr Fyodorovich Makarov,1
443,Galina Vyacheslavovna Malchugina (Mikheyeva-),1
444,Doris Maletzki (-Brachmann-),1
445,Bronisaw Malinowski,2
446,Stefano Malinverni,1
447,Wiesaw Jan Maniak,1
448,Ralph Vernon Mann,1
449,Madeline Manning-Jackson (-Mims),2
450,Lia Manoliu (-Raica),2
451,Bruno Marie-Rose,1
452,Viktor Fyodorovich Markin,2
453,Khristo Ganchev Markov,1
454,Lisa Frances Martin-Ondieki (-O'Dea),1
455,Michele Mary Mason-Brown,1
456,"James Randel ""Randy"" Matson",2
457,"Kenneth Joseph ""Ken"" Matthews",1
458,"Vincent Edward ""Vince"" Matthews",2
459,"Elizabeth ""Liz"" McColgan (Lynch-, -Nuttall)",1
460,Walter Lee McCoy,1
461,"Michael Anthony ""Mike"" McFarlane",1
462,Edith Marie McGuire (-Duvall),3
463,Antonio Ricardo McKay,3
464,"Michael James ""Mike"" McLeod",1
465,Kathy Laverne McMillan (-Ray),1
466,Gheorghe Megelea,1
467,"Gregory ""Greg"" Meghoo",1
468,Petra Meier-Felke,1
469,Faina Grigoryevna Melnik (-Veleva),1
470,Argentina Menis,1
471,Pietro Paolo Mennea,3
472,Adrian Peter Metcalfe,1
473,Ulrike Meyfarth (-Nasse),2
474,Ingrid Mickler-Becker (-Inglau),2
475,Anatoly Arkadyevich Mikhaylov,1
476,"Rodney ""Rod"" Milburn, Jr.",1
477,Lothar Milde,1
478,Lennox Valencia Miller,2
479,"William Mervin ""Billy"" Mills",1
480,Yevgeny Vasilyevich Mironov,1
481,"Richard Charles ""Rick"" Mitchell",1
482,Dietmar Mgenburg,1
483,Silke Mller (Gladisch-),1
484,Pablo Montes Casanova,1
485,Salvatore Morale,1
486,Juan Morales Hechavarra,1
487,Max Morinire,1
488,Devon Morris,1
489,Edwin Corley Moses,3
490,Rosa Mara Correia dos Santos Mota,2
491,Wendell Adrian Mottley,2
492,Gael Patricia Mulhall-Martin,1
493,Helmar Mller,1
494,Petra Mller (-Schersing),2
495,Romy Mller (Schneider-),1
496,Thomas Munkelt,1
497,Vladimir Pavlovich Muravyov,2
498,Yvonne Carol Grace Murray (-Mooney),1
499,Donna-Marie Louise Murray-Hartley (-Wass),1
500,"Michael ""Mike"" Musyoki",1
501,"Lawrence Ellwyne ""Larry"" Myricks",1
502,Irina Viktorovna Nazarova (Bagryantseva-),1
503,Olga Vladimirovna Nazarova,2
504,Kathrin Neimke,1
505,Mikls Nmeth,1
506,Angla Nmeth-Rnky,1
507,"Mildrette Netter (-Bell, -Graves)",1
508,Dagmar Neubauer (Rbsam-),1
509,Pauli Lauri Nevala,1
510,"Frederick Vaughn ""Fred"" Newhouse",2
511,John Ngugi Kamau,1
512,Vincent Paul Nihill,1
513,"Gerhardus Marinus Maria ""Gerard"" Nijboer",1
514,Sunder Lamont Nix,1
515,Wolfgang Nordwig,2
516,Peter George Norman,1
517,Harald Norpoth,1
518,"Glynis Leanne Nunn (Saunders-, -Cearns)",1
519,Hezekiah Munyoro Nyamau,2
520,Suleiman Nyambui,1
521,Gary James Oakes,1
522,Josef Odloil,1
523,Marlies Oelsner-Ghr,4
524,"Alfred Adolph ""Al"" Oerter, Jr.",2
525,Antonina Nikolayevna Okorokova-Lazareva,1
526,Nadiya Fedorivna Olizarenko (Mushta-),2
527,Merlene Joyce Ottey-Page,3
528,"David Charles ""Dave"" Ottley",1
529,Eddy Jean Paul Ottoz (Dimichelis-),1
530,Robert Ouko,1
531,"Stephen Michael John ""Steve"" Ovett",2
532,Ann Elizabeth Packer (-Brightwell),2
533,Abdon Pamich,1
534,Hermann Panzo,1
535,Sheila Hilary Parkin-Sherwood,1
536,"Maxwell Lander ""Maxie"" Parks",1
537,Frank Paschek,1
538,Alan Peter Pascoe,1
539,Marita Arthur Payne Wiggins,2
540,Nataliya Aleksandrovna Pechonkina-Chistyakova (Burda-),1
541,Jos Pedraza Ziga,1
542,"Melvin ""Mel"" Pender, Jr.",1
543,Mihaela Pene (-Brandsdorfer),2
544,Mary Elizabeth Peters,1
545,Rotimi Peters,1
546,Petar Nikolov Petrov,1
547,Ingvar Albin Henrik Pettersson,1
548,Jrg Pfeifer,1
549,Andr Lamar Phillips,1
550,Valeriy Vasylovych Pidluzhniy,1
551,Jerzy Pietrzyk,1
552,Paola Pigni (-Cacchi),1
553,Mariya Dzhumabayevna Pinigina (Kulchunova-),1
554,Claude Piquemal,2
555,Klaus-Dieter Ploghaus,1
556,Pyotr Ivanovich Pochenchuk,1
557,Ryszard Podlas,1
558,Burglinde Pollak (-Grimm),2
559,Nataliya Vladimirovna Pomoshchnikova-Voronova,1
560,Vira Ivanivna Popkova (Kabreniuk-),1
561,Elvira Poekel (-Borchers),1
562,Rudolf Pavlovych Povarnitsyn,1
563,John Gates Powell,2
564,"Michael Anthony ""Mike"" Powell",1
565,Irina Natanovna Press,1
566,Tamara Natanovna Press,2
567,Jozef Pribilinec,1
568,Michelle Probert-Scutt,1
569,Andrey Vasilyevich Prokofyev,1
570,Tetiana Vasylivna Prorochenko (-Burakova),2
571,Tatyana Petrovna Providokhina (-Fedorenko),1
572,Nlson Prudncio,2
573,Aleksandr Nikolayevich Puchkov,1
574,Maricica Puic (Luca-),2
575,"Emiel Adrien ""Miel"" Puttemans",1
576,"Donald O'Reilly ""Don"" Quarrie",4
577,"Theodorus Jacobus Leonardus ""Dick"" Quax",1
578,Gilles Qunherv,1
579,Violeta Quesada Daz,1
580,Pierre Jean Guy Quinon,1
581,John Barnett Rambo,1
582,Hermes Julin Ramrez Limonta,1
583,Viktor Ivanovich Rashchupkin,1
584,Seppo Henrik Rty,1
585,John Paul Lyndon Regis,1
586,Hans-Georg Reimann,2
587,Wolfgang Reinhardt,1
588,"Harry Lee ""Butch"" Reynolds, Jr.",2
589,Martin Edward Reynolds,1
590,Antoine Richard,1
591,"Jillian Cheryl ""Jill"" Richardson-Briscoe",1
592,Karin Richert-Balzer,2
593,Annegret Richter (Irrgang-),4
594,Halina Sylwia Richter-Grecka-Herrmann,1
595,"Steven Earl ""Steve"" Riddick",1
596,Karl-Hans Riehm,1
597,Dorothy Louise Ritter,1
598,"David Luther ""Dave"" Roberts",1
599,Edwin Anthony Roberts,2
600,"Clarence Earl ""Arnie"" Robinson, Jr.",2
601,Kevin Bernard Robinzine,1
602,Gaston Roelants,1
603,Brigitte Rohde (-Khn),1
604,Fulgencia Romay Martnez,2
605,Peter Kipchumba Rono,1
606,"Heidemarie ""Heide"" Rosendahl (-Ecker)",3
607,Mark Robert Rowland,1
608,Anette Rckes (-Vater-Hlsdnker),1
609,Daniel Matasi Rudisha,1
610,Olga Aleksandrovna Rukavishnikova,1
611,"Michael ""Mike"" Ryan",1
612,Markus Ryffel,1
613,"James Ronald ""Jim"" Ryun",1
614,Nijol Sabait (-Razien),1
615,Jochen Sachse,1
616,Ahmed Salah Houssein,1
617,"Tetiana Volodymyrivna Samolenko-Dorovskykh (Khamitova-, -Apaicheva)",2
618,"Theresa Ione ""Tessa"" Sanderson (-White)",1
619,Viktor Saneyev,4
620,Julius Sang,2
621,Daniel Ren Claude Sangouma,1
622,"Debora Elaine ""Debra"" Sapenter (-Speight, -Christopher)",1
623,Vitaly Anatolyevich Savin,1
624,Frank Schaffer,2
625,Johanna Schaller-Klier,2
626,Christian Schenk,1
627,Claus Schiprowski,1
628,Evelin Schlaak-Jahl (-Herberg),2
629,Harald Schmid,2
630,"William David ""Bill"" Schmidt",1
631,"Kathryn Joan ""Kate"" Schmidt",2
632,Wolfgang Schmidt,1
633,"Ilona Schoknecht-Slupianek (-Briesenick, -Longo)",1
634,"Robert Keyser ""Bob"" Schul",1
635,Jrgen Schult,1
636,Heike Schulte-Mattler (Schmidt-),1
637,"Robert Lloyd ""Bob"" Seagren",2
638,Helga Seidler (Fischer-),1
639,"Anthony ""Tony"" Sharpe",1
640,Tatyana Sergeyevna Shchelkanova,1
641,John Sherwood,1
642,"Michael Lyle ""Mike"" Shine",1
643,Frank Charles Shorter,2
644,Nikolina Pavlova Shtereva,1
645,Nikolay Aleksandrovich Sidorov,1
646,"Gloria Siebert (Kovarik-, Uibel-)",1
647,Yuriy Heorhiyovych Siedykh,3
648,Siegrun Siegl (Thon-),1
649,Hannu Juhani Siitonen,1
650,Ileana Silai (Gergely-),1
651,Juris Silovs,2
652,L. Jay Silvester,1
653,Sara Simeoni (-Azzaro),3
654,Janet Mary Simpson (-Clerc),1
655,Jan Niklas Patrik Sjberg,2
656,Tetiana Viktorivna Skachko (Pakhovska-),1
657,Edwin Joseph Skinner,1
658,Tadeusz lusarski,2
659,Wendy Sly (Smith-),1
660,Mykola Yakovych Smaha,1
661,"Kathryn Jane ""Kathy"" Smallwood-Cook",3
662,Calvin Smith,2
663,"Ronald Ray ""Ronnie Ray"" Smith",1
664,Tommie C. Smith,1
665,"Willie James Smith, III",1
666,Peter George Snell,2
667,Nataliya Dmitriyevna Sokolova (Kulichkova-),1
668,Veniamin Vasilyevich Soldatenko,1
669,"Charles ""Charlie"" Spedding",1
670,Aleksey Sergeyevich Spiridonov,1
671,"Maria Geertruida ""Ria"" Stalman",1
672,Anioara Stanciu-Cumir,1
673,"Richard Vaughn ""Dick"" Stebbins",1
674,Renate Stecher (Meiner-),6
675,"David Lee ""Dave"" Steen",1
676,Ian Stewart,1
677,"Raymond Douglas ""Ray"" Stewart",1
678,Vasilka Rafailova Stoeva (Malusheva-),1
679,Christiane Stoll-Wartenberg,1
680,Dwight Edwin Stones,2
681,Jrgen Straub,1
682,Shirley Elaine Strong,1
683,Ellen Strophal-Streidt (-Wendland-),2
684,Brbel Struppert (Schrickel-),1
685,Eva uranov (Kucmanov-),1
686,Christina Sussiek (-Echte),1
687,Liese Sykora-Prokop,1
688,Olga Pavlovna Syrovatskaya-Mineyeva,2
689,Irena Szewiska-Kirszenstein,7
690,Jzef Szmidt (-Schmidt),1
691,Florena acu-Crciunescu (Ionescu-),1
692,"Tatyana Andreyevna Talysheva (-Volkova, -Tregub)",1
693,Jri Tamm,2
694,Jri Tarmak,1
695,Robert James Taylor,2
696,Angella Marie Taylor-Issajenko,1
697,Nabiba Naftali Temu,2
698,Igor Aramovich Ter-Ovanesyan,1
699,Klaus Thiele,1
700,Alexander Thieme,1
701,Ute Thimm (Finger-),1
702,John Curtis Thomas,1
703,"Francis Morgan ""Daley"" Thompson",2
704,Gabriel J. Tiacoh,1
705,Juha Pekka Antero Tiainen,1
706,Ulf-Bla Timmermann,1
707,Gerald Alexander Tinker,1
708,Nadiya Volodymyrivna Tkachenko (-Sapronova),1
709,Jacqueline Todten-Hein,1
710,"William Anthony ""Bill"" Toomey",1
711,Cheryl Renee Toussaint (-Eason),1
712,Roberto Tozzi,1
713,John Treacy,1
714,Kokichi Tsuburaya,1
715,"Michael Scott ""Mike"" Tully",1
716,Bodo Tmmler,1
717,Eshetu Tura,1
718,"Kimberly ""Kim"" Turner (-McKenzie)",1
719,Wyomia Tyus (-Simburg),4
720,Romas Ubartas,1
721,Moses Omote Ugbisien,1
722,Sunday Uti,1
723,Jaak Uudme,1
724,Jrg Vaihinger,1
725,Carmen Laura Valds Capote,1
726,Remigijus Valiulis,1
727,Andrew Orlando Valmon,1
728,Ivo Van Damme,2
729,Vilmos Varj,1
730,Pekka Antero Vasala,1
731,Daniel Roger Vlasquez,1
732,Mariya Dimitrova Vergova-Petkova,2
733,Thierry Georges Vigneron,1
734,Lasse Artturi Virn,4
735,Viorica Viscopoleanu (Belmega-),1
736,Angela Voigt (Schmalfeld-),1
737,Konstantin Yuryevich Volkov,1
738,Torsten Voss,1
739,Christine Wachtel (-Guth),1
740,Douglas Wakiihuri Maina,1
741,Hans-Joachim Walde,2
742,John George Walker,1
743,Frank Wartenberg,1
744,Ronald Weigel,2
745,"David Lawson ""Dave"" Weill",1
746,Paul-Heinz Wellmann,1
747,Allan Wipper Wells,2
748,"Siegfried ""Siggi"" Wentz",1
749,Jan Werner,1
750,Gerd Wessig,1
751,"Lieselotte ""Liesel"" Westermann (-Krieg)",1
752,"Fatima N. (Fatma-) Whitbread (Vedad-, -Norman)",2
753,Marilyn Elaine White,1
754,Willye Brown White,1
755,Roland Wieser,1
756,Mac Maurice Wilkins,2
757,Desai Williams,1
758,Lynn Williams (Kanuka-),1
759,"Randel Lavelle ""Randy"" Williams",2
760,Ulis C. Williams,1
761,"Rosemarie ""Rosie"" Witschas-Ackermann",1
762,Sigrun Wodars-Grau (Ludwigs-),1
763,"Richard Charles ""Rick"" Wohlhuter",1
764,Mamo Wolde,3
765,Klaus Wolfermann,1
766,George Roger Woods,2
767,Marian Jerzy Woronin,1
768,"David James ""Dave"" Wottle",1
769,Dana Wright,1
770,Jacek Roman Wszoa,2
771,Gerhard Wucherer,1
772,"Brigitte Wujak (Knzel-, -Pretzschner)",1
773,Grigory Aleksandrovich Yegorov,1
774,Miruts Yifter,3
775,Diana Khristova Yorgova (-Prodanova),1
776,Dannette Louise Young (-Stone),1
777,George L. Young,1
778,"Lawrence Dean ""Larry"" Young",2
779,"Claudia Hildegard Zaczkiewicz (Reidick-, -Reidick)",1
780,Monika Zehrt (-Landgraf),2
781,Jan elezn,1
782,Lyudmila Ilyinichna Zharkova-Maslakova,3
783,Sergey Viktorovich Zhelanov,1
784,Marina Serafimovna Zhirova (Titova-),1
785,Zhu Jianhua,1
786,"Olena Zhupiyeva-V'iazova (-Dershan, -Skachkova)",1
787,Andrzej Franciszek Zieliski,1
788,Elfi Zinn (Rost-),1
789,Nina Anatolivna Ziuskova,1
790,Gyula Zsivtzky,2
791,Mauro Carlo Zuliani,1
792,Krzysztof Zwoliski,1
793,Galina Ivanovna Zybina (-Fyodorova),1
